,ARIMA,ARIMA 2,ARIMA 3,ARIMA-GARCH,ARIMA-GARCH 2,ARIMA-GARCH 3,Simple Exponential Smoothing,Holt's Exponential Smoothing,Holt-Winter's Exponential Smoothing,Prophet,Prophet+ARIMA
Gold 1 step,10.64728682170541,10.702731763870014,10.6576268005604,15.590836915841079,15.629589104489982,15.567103190951112,10.657209028240539,10.77985009631707,10.949450091380731,34.47347839508157,12.152632628129904
Gold 5 step,23.68372093023255,23.6245247483587,23.690653580938594,26.1026366368247,26.08428295717819,26.084715695335433,23.69007686076276,25.246645757686494,26.112886975334245,40.34279480066336,26.157995744865772
Gold 10 step,31.966666666666658,31.685444202043673,31.958007457466152,33.44541463700175,33.273503312026605,33.424275605041586,31.958097938344142,35.72464033145424,38.36352989826699,47.86670587449459,39.24482593465143
Silver 1 step,0.288135073548133,0.29360810823554373,0.29660668493213793,0.40214265435900837,0.40437386791704055,0.40635789105138187,0.2867682432351679,0.2874127377449147,0.28794053836543976,1.494691610595637,0.33588445104298564
Silver 5 step,0.6377672424212735,0.640118848414574,0.6409066250388216,0.7037588771841727,0.7068145597184614,0.7085112529145635,0.6375574709350517,0.6682403275000153,0.638917625554811,1.715334609197718,0.9018434607854663
Silver 10 step,0.9502247787378781,0.9538241294155856,0.9393629690359244,1.0076387308067913,1.012921055965965,1.0089476762221374,0.9492142610238765,1.0217428757415299,0.9572614126659391,1.9483519833919374,1.4795537354238346
Platinum 1 step,13.476139442297626,13.408387096774183,13.413057363169209,19.765392047304676,19.743761304057113,19.809361732811563,13.404632505420555,13.624085572485244,13.67046587225633,94.09775326195088,15.311570679430195
Platinum 5 step,30.8468623600644,30.32387096774193,30.420001783930303,32.42922508788723,32.16379138807795,32.18159137476619,30.320501149834964,32.734053380339176,32.43613287527328,107.07801968301104,43.441149805598876
Platinum 10 step,40.462951518980724,40.788064516129026,40.84057681301914,42.36348563869734,41.981232629748895,41.98615365320538,40.78770108168964,47.18894379773511,46.36145724310397,121.48895456120817,72.29750497427175
